{
    "name": "root",
    "gauges": {
        "MoveToExit.Policy.Entropy.mean": {
            "value": 1.2911678552627563,
            "min": 1.2911678552627563,
            "max": 1.4168024063110352,
            "count": 35
        },
        "MoveToExit.Policy.Entropy.sum": {
            "value": 64586.796875,
            "min": 64586.796875,
            "max": 71687.3671875,
            "count": 35
        },
        "MoveToExit.Environment.EpisodeLength.mean": {
            "value": 36456.0,
            "min": 127.52021563342318,
            "max": 36456.0,
            "count": 30
        },
        "MoveToExit.Environment.EpisodeLength.sum": {
            "value": 36456.0,
            "min": 2617.0,
            "max": 118331.0,
            "count": 30
        },
        "MoveToExit.Step.mean": {
            "value": 1749995.0,
            "min": 49985.0,
            "max": 1749995.0,
            "count": 35
        },
        "MoveToExit.Step.sum": {
            "value": 1749995.0,
            "min": 49985.0,
            "max": 1749995.0,
            "count": 35
        },
        "MoveToExit.Policy.ExtrinsicValueEstimate.mean": {
            "value": 4.9068922996521,
            "min": -22.938814163208008,
            "max": 4.9068922996521,
            "count": 35
        },
        "MoveToExit.Policy.ExtrinsicValueEstimate.sum": {
            "value": 3837.189697265625,
            "min": -19704.44140625,
            "max": 3837.189697265625,
            "count": 35
        },
        "MoveToExit.Environment.CumulativeReward.mean": {
            "value": 1722.8298902511597,
            "min": -93.59175174898215,
            "max": 1722.8298902511597,
            "count": 30
        },
        "MoveToExit.Environment.CumulativeReward.sum": {
            "value": 1722.8298902511597,
            "min": -34722.539898872375,
            "max": 4317.049670219421,
            "count": 30
        },
        "MoveToExit.Policy.ExtrinsicReward.mean": {
            "value": 1722.8298902511597,
            "min": -93.59175174898215,
            "max": 1722.8298902511597,
            "count": 30
        },
        "MoveToExit.Policy.ExtrinsicReward.sum": {
            "value": 1722.8298902511597,
            "min": -34722.539898872375,
            "max": 4317.049670219421,
            "count": 30
        },
        "MoveToExit.Losses.PolicyLoss.mean": {
            "value": 0.02463122313066075,
            "min": 0.021236945763230326,
            "max": 0.0266973022542273,
            "count": 35
        },
        "MoveToExit.Losses.PolicyLoss.sum": {
            "value": 0.12315611565330375,
            "min": 0.08623669571243227,
            "max": 0.1334865112711365,
            "count": 35
        },
        "MoveToExit.Losses.ValueLoss.mean": {
            "value": 0.010882827593013645,
            "min": 0.010882827593013645,
            "max": 457.54337107340496,
            "count": 35
        },
        "MoveToExit.Losses.ValueLoss.sum": {
            "value": 0.05441413796506822,
            "min": 0.05441413796506822,
            "max": 1830.1734842936198,
            "count": 35
        },
        "MoveToExit.Policy.LearningRate.mean": {
            "value": 0.00019673140642287602,
            "min": 0.00019673140642287602,
            "max": 0.000298459125513625,
            "count": 35
        },
        "MoveToExit.Policy.LearningRate.sum": {
            "value": 0.0009836570321143801,
            "min": 0.00079807237397592,
            "max": 0.0014784173471942199,
            "count": 35
        },
        "MoveToExit.Policy.Epsilon.mean": {
            "value": 0.16557712400000005,
            "min": 0.16557712400000005,
            "max": 0.199486375,
            "count": 35
        },
        "MoveToExit.Policy.Epsilon.sum": {
            "value": 0.8278856200000002,
            "min": 0.6660240799999999,
            "max": 0.9928057800000001,
            "count": 35
        },
        "MoveToExit.Policy.Beta.mean": {
            "value": 0.0032822984876,
            "min": 0.0032822984876,
            "max": 0.0049743701125,
            "count": 35
        },
        "MoveToExit.Policy.Beta.sum": {
            "value": 0.016411492438,
            "min": 0.013314601592000003,
            "max": 0.024641008422,
            "count": 35
        },
        "MoveToExit.IsTraining.mean": {
            "value": 1.0,
            "min": 1.0,
            "max": 1.0,
            "count": 35
        },
        "MoveToExit.IsTraining.sum": {
            "value": 1.0,
            "min": 1.0,
            "max": 1.0,
            "count": 35
        }
    },
    "metadata": {
        "timer_format_version": "0.1.0",
        "start_time_seconds": "1681143914",
        "python_version": "3.9.13 (tags/v3.9.13:6de2ca5, May 17 2022, 16:36:42) [MSC v.1929 64 bit (AMD64)]",
        "command_line_arguments": "D:\\Unity Projects\\Neural-Networks-Maze\\venv\\Scripts\\mlagents-learn .\\configuration.yaml --run-id=TestEnv4.04 --force",
        "mlagents_version": "0.30.0",
        "mlagents_envs_version": "0.30.0",
        "communication_protocol_version": "1.5.0",
        "pytorch_version": "1.7.1+cu110",
        "numpy_version": "1.21.2",
        "end_time_seconds": "1681145813"
    },
    "total": 1898.1229322000002,
    "count": 1,
    "self": 0.03966230000014548,
    "children": {
        "run_training.setup": {
            "total": 0.3694555999999998,
            "count": 1,
            "self": 0.3694555999999998
        },
        "TrainerController.start_learning": {
            "total": 1897.7138143,
            "count": 1,
            "self": 2.2044594000044526,
            "children": {
                "TrainerController._reset_env": {
                    "total": 24.5145728,
                    "count": 1,
                    "self": 24.5145728
                },
                "TrainerController.advance": {
                    "total": 1870.7884119999956,
                    "count": 100570,
                    "self": 1.9154219000236026,
                    "children": {
                        "env_step": {
                            "total": 1184.631327799996,
                            "count": 100570,
                            "self": 938.6642195999742,
                            "children": {
                                "SubprocessEnvManager._take_step": {
                                    "total": 244.70842360000483,
                                    "count": 100570,
                                    "self": 6.412235799972478,
                                    "children": {
                                        "TorchPolicy.evaluate": {
                                            "total": 238.29618780003236,
                                            "count": 99924,
                                            "self": 238.29618780003236
                                        }
                                    }
                                },
                                "workers": {
                                    "total": 1.2586846000168919,
                                    "count": 100569,
                                    "self": 0.0,
                                    "children": {
                                        "worker_root": {
                                            "total": 1752.0388002000107,
                                            "count": 100569,
                                            "is_parallel": true,
                                            "self": 1077.4417616999917,
                                            "children": {
                                                "steps_from_proto": {
                                                    "total": 0.0007947000000001481,
                                                    "count": 1,
                                                    "is_parallel": true,