{
    "name": "root",
    "metadata": {
        "timer_format_version": "0.1.0",
        "start_time_seconds": "1681125193",
        "python_version": "3.9.13 (tags/v3.9.13:6de2ca5, May 17 2022, 16:36:42) [MSC v.1929 64 bit (AMD64)]",
        "command_line_arguments": "D:\\Unity Projects\\Neural-Networks-Maze\\venv\\Scripts\\mlagents-learn ./configuration.yaml --run-id=TestEnv3.5 --force",
        "mlagents_version": "0.30.0",
        "mlagents_envs_version": "0.30.0",
        "communication_protocol_version": "1.5.0",
        "pytorch_version": "1.7.1+cu110",
        "numpy_version": "1.21.2",
        "end_time_seconds": "1681125301"
    },
    "total": 108.26985409999999,
    "count": 1,
    "self": 0.05953549999999552,
    "children": {
        "run_training.setup": {
            "total": 0.36236960000000007,
            "count": 1,
            "self": 0.36236960000000007
        },
        "TrainerController.start_learning": {
            "total": 107.847949,
            "count": 1,
            "self": 0.012983899999781556,
            "children": {
                "TrainerController._reset_env": {
                    "total": 58.636390500000005,
                    "count": 1,
                    "self": 58.636390500000005
                },
                "TrainerController.advance": {
                    "total": 48.969626900000215,
                    "count": 534,
                    "self": 0.009104700000399646,
                    "children": {
                        "env_step": {
                            "total": 48.0287610999999,
                            "count": 534,
                            "self": 32.12458039999999,
                            "children": {
                                "SubprocessEnvManager._take_step": {
                                    "total": 15.898546200000006,
                                    "count": 534,
                                    "self": 0.04023890000007668,
                                    "children": {
                                        "TorchPolicy.evaluate": {
                                            "total": 15.858307299999929,
                                            "count": 534,
                                            "self": 15.858307299999929
                                        }
                                    }
                                },
                                "workers": {
                                    "total": 0.005634499999899845,
                                    "count": 533,
                                    "self": 0.0,
                                    "children": {
                                        "worker_root": {
                                            "total": 61.16957239999998,
                                            "count": 533,
                                            "is_parallel": true,
                                            "self": 51.09271619999994,
                                            "children": {
                                                "steps_from_proto": {
                                                    "total": 0.0004950999999984163,
                                                    "count": 1,
                                                    "is_parallel": true,
                                                    "self": 0.00013840000000087116,
                                                    "children": {
                                                        "_process_rank_one_or_two_observation": {
                                                            "total": 0.0003566999999975451,
                                                            "count": 10,
                                                            "is_parallel": true,
                                                            "self": 0.0003566999999975451
                                                        }
                                                    }
                                                },
                                                "UnityEnvironment.step": {
                                                    "total": 10.076361100000042,
                                                    "count": 533,
                                                    "is_parallel": true,
                                                    "self": 0.04368540000025689,
                                                    "children": {
                                                        "UnityEnvironment._generate_step_input": {
                                                            "total": 0.03599189999971486,
                                                            "count": 533,
                                                            "is_parallel": true,
                                                            "self": 0.03599189999971486
                                                        },
                                                        "communicator.exchange": {
                                                            "total": 9.798135399999978,
                                                            "count": 533,
                                                            "is_parallel": true,
                                                            "self": 9.798135399999978
                                                        },
                                                        "steps_from_proto": {
                                                            "total": 0.19854840000009233,
                                                            "count": 533,
                                                            "is_parallel": true,
                                                            "self": 0.06431870000065487,
                                                            "children": {
                                                                "_process_rank_one_or_two_observation": {
                                                                    "total": 0.13422969999943746,
                                                                    "count": 5330,
                                                                    "is_parallel": true,
                                                                    "self": 0.13422969999943746
                                                                }
                                                            }
                                                        }
                                                    }
                                                }
                                            }
                                        }
                                    }
                                }
                            }
                        },
                        "trainer_advance": {
                            "total": 0.9317610999999175,
                            "count": 533,
                            "self": 0.011931100000111883,
                            "children": {
                                "process_trajectory": {
                                    "total": 0.9198299999998056,
                                    "count": 533,
                                    "self": 0.9198299999998056
                                }
                            }
                        }
                    }
                },
                "trainer_threads": {
                    "total": 2.00000000916134e-06,
                    "count": 1,
                    "self": 2.00000000916134e-06
                },
                "TrainerController._save_models": {
                    "total": 0.22894569999999703,
                    "count": 1,
                    "self": 7.809999999608408e-05,