{
    "name": "root",
    "gauges": {
        "MoveToExit.Policy.Entropy.mean": {
            "value": 1.232871174812317,
            "min": 1.232871174812317,
            "max": 1.4167039394378662,
            "count": 32
        },
        "MoveToExit.Policy.Entropy.sum": {
            "value": 61692.875,
            "min": 61692.875,
            "max": 71236.125,
            "count": 32
        },
        "MoveToExit.Environment.EpisodeLength.mean": {
            "value": 999.0,
            "min": 83.47350427350428,
            "max": 999.0,
            "count": 32
        },
        "MoveToExit.Environment.EpisodeLength.sum": {
            "value": 51948.0,
            "min": 46877.0,
            "max": 52947.0,
            "count": 32
        },
        "MoveToExit.Step.mean": {
            "value": 1599960.0,
            "min": 49993.0,
            "max": 1599960.0,
            "count": 32
        },
        "MoveToExit.Step.sum": {
            "value": 1599960.0,
            "min": 49993.0,
            "max": 1599960.0,
            "count": 32
        },
        "MoveToExit.Policy.ExtrinsicValueEstimate.mean": {
            "value": 50.08833312988281,
            "min": -426.8315734863281,
            "max": 50.08833312988281,
            "count": 32
        },
        "MoveToExit.Policy.ExtrinsicValueEstimate.sum": {
            "value": 40120.75390625,
            "min": -414163.3125,
            "max": 40120.75390625,
            "count": 32
        },
        "MoveToExit.Environment.CumulativeReward.mean": {
            "value": 499.81730758226837,
            "min": -957.9413654555623,
            "max": 499.8425530372782,
            "count": 32
        },
        "MoveToExit.Environment.CumulativeReward.sum": {
            "value": 25990.499994277954,
            "min": -560395.6987915039,
            "max": 26489.899995803833,
            "count": 32
        },
        "MoveToExit.Policy.ExtrinsicReward.mean": {
            "value": 499.81730758226837,
            "min": -957.9413654555623,
            "max": 499.8425530372782,
            "count": 32
        },
        "MoveToExit.Policy.ExtrinsicReward.sum": {
            "value": 25990.499994277954,
            "min": -560395.6987915039,
            "max": 26489.899995803833,
            "count": 32
        },
        "MoveToExit.Losses.PolicyLoss.mean": {
            "value": 0.023400549888998895,
            "min": 0.020534885463469738,
            "max": 0.02696709197887685,
            "count": 32
        },
        "MoveToExit.Losses.PolicyLoss.sum": {
            "value": 0.11700274944499447,
            "min": 0.0865784823312424,
            "max": 0.13483545989438425,
            "count": 32
        },
        "MoveToExit.Losses.ValueLoss.mean": {
            "value": 4.667145584424337,
            "min": 4.667145584424337,
            "max": 86084.34645182292,
            "count": 32
        },
        "MoveToExit.Losses.ValueLoss.sum": {
            "value": 23.335727922121684,
            "min": 23.335727922121684,
            "max": 344337.38580729166,
            "count": 32
        },
        "MoveToExit.Policy.LearningRate.mean": {
            "value": 0.00020565660744780806,
            "min": 0.00020565660744780806,
            "max": 0.00029845879551373494,
            "count": 32
        },
        "MoveToExit.Policy.LearningRate.sum": {
            "value": 0.0010282830372390403,
            "min": 0.0008460553179816001,
            "max": 0.0014784352271882601,
            "count": 32
        },
        "MoveToExit.Policy.Epsilon.mean": {
            "value": 0.16855219200000002,
            "min": 0.16855219200000002,
            "max": 0.199486265,
            "count": 32
        },
        "MoveToExit.Policy.Epsilon.sum": {
            "value": 0.8427609600000001,
            "min": 0.6820183999999999,
            "max": 0.9928117400000003,
            "count": 32
        },
        "MoveToExit.Policy.Beta.mean": {
            "value": 0.0034307543808000003,
            "min": 0.0034307543808000003,
            "max": 0.0049743646235,
            "count": 32
        },
        "MoveToExit.Policy.Beta.sum": {
            "value": 0.017153771904,
            "min": 0.014112718160000003,
            "max": 0.024641305826,
            "count": 32
        },
        "MoveToExit.IsTraining.mean": {
            "value": 1.0,
            "min": 1.0,
            "max": 1.0,
            "count": 32
        },
        "MoveToExit.IsTraining.sum": {
            "value": 1.0,
            "min": 1.0,
            "max": 1.0,
            "count": 32
        }
    },
    "metadata": {
        "timer_format_version": "0.1.0",
        "start_time_seconds": "1681131466",
        "python_version": "3.9.13 (tags/v3.9.13:6de2ca5, May 17 2022, 16:36:42) [MSC v.1929 64 bit (AMD64)]",
        "command_line_arguments": "D:\\Unity Projects\\Neural-Networks-Maze\\venv\\Scripts\\mlagents-learn .\\configuration.yaml --run-id=TestEnv4.02 --force",
        "mlagents_version": "0.30.0",
        "mlagents_envs_version": "0.30.0",
        "communication_protocol_version": "1.5.0",
        "pytorch_version": "1.7.1+cu110",
        "numpy_version": "1.21.2",
        "end_time_seconds": "1681134057"
    },
    "total": 2591.5573832,
    "count": 1,
    "self": 0.039267199999812874,
    "children": {
        "run_training.setup": {
            "total": 0.35874669999999975,
            "count": 1,
            "self": 0.35874669999999975
        },
        "TrainerController.start_learning": {
            "total": 2591.1593693,
            "count": 1,
            "self": 3.797219800007497,
            "children": {
                "TrainerController._reset_env": {
                    "total": 14.9518295,
                    "count": 1,
                    "self": 14.9518295
                },
                "TrainerController.advance": {
                    "total": 2572.2845551999926,
                    "count": 185373,
                    "self": 3.434047400071904,
                    "children": {
                        "env_step": {
                            "total": 1951.9006829999482,
                            "count": 185373,
                            "self": 1511.963452599931,
                            "children": {
                                "SubprocessEnvManager._take_step": {
                                    "total": 437.49615090001873,
                                    "count": 185373,
                                    "self": 11.179282499976352,
                                    "children": {
                                        "TorchPolicy.evaluate": {
                                            "total": 426.3168684000424,
                                            "count": 180934,
                                            "self": 426.3168684000424
                                        }
                                    }
                                },
                                "workers": {
                                    "total": 2.441079499998377,
                                    "count": 185372,
                                    "self": 0.0,
                                    "children": {
                                        "worker_root": {
                                            "total": 2503.878543500043,
                                            "count": 185372,
                                            "is_parallel": true,
                                            "self": 1273.39485080007,
                                            "children": {
                                                "steps_from_proto": {
                                                    "total": 0.0008674000000006288,
                                                    "count": 1,
                                                    "is_parallel": true,