{"count":1,"self":313.87727359999997,"total":1138.7332685,"children":{"InitializeActuators":{"count":9,"self":0.0020017,"total":0.0020017,"children":null},"InitializeSensors":{"count":9,"self":0.0019995,"total":0.0019995,"children":null},"AgentSendState":{"count":485434,"self":3.75866,"total":22.9940604,"children":{"CollectObservations":{"count":873783,"self":10.345136,"total":10.345136199999999,"children":null},"WriteActionMask":{"count":873783,"self":0.5953606,"total":0.5953606,"children":null},"RequestDecision":{"count":873783,"self":2.4429528,"total":8.2949035,"children":{"AgentInfo.ToProto":{"count":873783,"self":2.3646835999999998,"total":5.8519507,"children":{"GenerateSensorData":{"count":873783,"self":3.4872672,"total":3.4872669999999997,"children":null}}}}}}},"DecideAction":{"count":485434,"self":793.1998208,"total":793.1998434,"children":null},"AgentAct":{"count":485434,"self":8.5690879999999989,"total":8.5690876,"children":null},"AgentInfo.ToProto":{"count":6126,"self":0.0390057,"total":0.087997499999999992,"children":{"GenerateSensorData":{"count":6126,"self":0.048991799999999995,"total":0.048991799999999995,"children":null}}}},"gauges":{"MoveToExit.CumulativeReward":{"count":6126,"max":2989.26782,"min":-196.400055,"runningAverage":13.7982512,"value":149.7998,"weightedAverage":72.2725754}},"metadata":{"timer_format_version":"0.1.0","start_time_seconds":"1681390074","unity_version":"2021.3.18f1","command_line_arguments":"D:\\Unity\\2021.3.18f1\\Editor\\Unity.exe -projectpath D:\\Unity Projects\\Neural-Networks-Maze -useHub -hubIPC -cloudEnvironment production -licensingIpc LicenseClient-tudor -hubSessionId 89c57460-d9f4-11ed-bb27-b573c2310b14 -accessToken Swzu_4cVNFM1dGvMJFwbThcH2dh0O80enhKvRDFjuts005f","communication_protocol_version":"1.5.0","com.unity.ml-agents_version":"2.0.1","scene_name":"TestEnv1","end_time_seconds":"1681391212"}}