{"count":1,"self":1158.0207103999999,"total":5818.5142046,"children":{"InitializeActuators":{"count":20,"self":0.0020001999999999997,"total":0.0020001999999999997,"children":null},"InitializeSensors":{"count":20,"self":0.0030006,"total":0.0030006,"children":null},"AgentSendState":{"count":1763234,"self":205.15262719999998,"total":318.2920643,"children":{"CollectObservations":{"count":7052940,"self":12.0750576,"total":12.0750572,"children":null},"WriteActionMask":{"count":7052940,"self":5.0604863999999994,"total":5.0604862,"children":null},"RequestDecision":{"count":7052940,"self":19.3743616,"total":96.003891799999991,"children":{"AgentInfo.ToProto":{"count":7052940,"self":16.8089344,"total":76.62952949999999,"children":{"GenerateSensorData":{"count":7052940,"self":47.723487999999996,"total":59.8205957,"children":{"RayPerceptionSensor.Perceive":{"count":7052940,"self":12.097108799999999,"total":12.0971092,"children":null}}}}}}}}},"DecideAction":{"count":1763234,"self":4263.9962111999994,"total":4263.9961547,"children":null},"AgentAct":{"count":1763234,"self":77.8437888,"total":77.8437865,"children":null},"AgentInfo.ToProto":{"count":14446,"self":0.092024,"total":0.3555063,"children":{"GenerateSensorData":{"count":14446,"self":0.21448579999999998,"total":0.2634823,"children":{"RayPerceptionSensor.Perceive":{"count":14446,"self":0.0489965,"total":0.0489965,"children":null}}}}}},"gauges":{"MoveToExit.CumulativeReward":{"count":14446,"max":-100.29,"min":-3200.804,"runningAverage":-123.3379,"value":-160.035934,"weightedAverage":-199.424423}},"metadata":{"timer_format_version":"0.1.0","start_time_seconds":"1682361581","unity_version":"2021.3.18f1","command_line_arguments":"D:\\Unity\\2021.3.18f1\\Editor\\Unity.exe -projectpath D:\\Unity Projects\\Neural-Networks-Maze -useHub -hubIPC -cloudEnvironment production -licensingIpc LicenseClient-tudor -hubSessionId e4af98e0-e28e-11ed-8d6d-2b8b1a664118 -accessToken CRnzhWurEoS4gIrQbrE1yXjbpRHs930F51QFw7wjYSo005f","communication_protocol_version":"1.5.0","com.unity.ml-agents_version":"2.0.1","scene_name":"TestEnvMaze","end_time_seconds":"1682367400"}}