{"count":1,"self":1542.0909568,"total":5459.1566586,"children":{"InitializeActuators":{"count":9,"self":0.0030007999999999996,"total":0.0030007999999999996,"children":null},"InitializeSensors":{"count":9,"self":0.0029990999999999998,"total":0.0029990999999999998,"children":null},"AgentSendState":{"count":2274834,"self":120.7314176,"total":193.93709199999998,"children":{"CollectObservations":{"count":4094703,"self":7.3662136,"total":7.3662138,"children":null},"WriteActionMask":{"count":4094703,"self":3.1432244,"total":3.1432243,"children":null},"RequestDecision":{"count":4094703,"self":12.7157184,"total":62.696231299999994,"children":{"AgentInfo.ToProto":{"count":4094703,"self":11.2442672,"total":49.9805128,"children":{"GenerateSensorData":{"count":4094703,"self":31.4074912,"total":38.7362454,"children":{"RayPerceptionSensor.Perceive":{"count":4094703,"self":7.3287543999999993,"total":7.3287540999999994,"children":null}}}}}}}}},"DecideAction":{"count":2274834,"self":3671.3304064,"total":3671.3302771999997,"children":null},"AgentAct":{"count":2274834,"self":51.5403392,"total":51.5403404,"children":null},"AgentInfo.ToProto":{"count":10750,"self":0.0609882,"total":0.2509493,"children":{"GenerateSensorData":{"count":10750,"self":0.1519622,"total":0.1899611,"children":{"RayPerceptionSensor.Perceive":{"count":10750,"self":0.037998899999999995,"total":0.037998899999999995,"children":null}}}}}},"gauges":{"MoveToExit.CumulativeReward":{"count":10750,"max":-100.26,"min":-777.489746,"runningAverage":-118.872963,"value":-176.287888,"weightedAverage":-211.937683}},"metadata":{"timer_format_version":"0.1.0","start_time_seconds":"1681485564","unity_version":"2021.3.18f1","command_line_arguments":"D:\\Unity\\2021.3.18f1\\Editor\\Unity.exe -projectpath D:\\Unity Projects\\Neural-Networks-Maze -useHub -hubIPC -cloudEnvironment production -licensingIpc LicenseClient-tudor -hubSessionId 258a7090-dabc-11ed-b53c-13ed5e30bc5e -accessToken AhwxwkfobkGzBZJpIaiMiWno_F3tPP9xY-rJRen73uQ005f","communication_protocol_version":"1.5.0","com.unity.ml-agents_version":"2.0.1","scene_name":"TestEnv3.1","end_time_seconds":"1681491023"}}