{
    "name": "root",
    "metadata": {
        "timer_format_version": "0.1.0",
        "start_time_seconds": "1681125782",
        "python_version": "3.9.13 (tags/v3.9.13:6de2ca5, May 17 2022, 16:36:42) [MSC v.1929 64 bit (AMD64)]",
        "command_line_arguments": "D:\\Unity Projects\\Neural-Networks-Maze\\venv\\Scripts\\mlagents-learn ./configuration.yaml --run-id=Test4.01 --force",
        "mlagents_version": "0.30.0",
        "mlagents_envs_version": "0.30.0",
        "communication_protocol_version": "1.5.0",
        "pytorch_version": "1.7.1+cu110",
        "numpy_version": "1.21.2",
        "end_time_seconds": "1681125863"
    },
    "total": 81.5754707,
    "count": 1,
    "self": 10.0490822,
    "children": {
        "run_training.setup": {
            "total": 0.36942920000000035,
            "count": 1,
            "self": 0.36942920000000035
        },
        "TrainerController.start_learning": {
            "total": 71.1569593,
            "count": 1,
            "self": 0.005471499999998741,
            "children": {
                "TrainerController._reset_env": {
                    "total": 35.837275600000005,
                    "count": 1,
                    "self": 35.837275600000005
                },
                "TrainerController.advance": {
                    "total": 32.677997999999995,
                    "count": 241,
                    "self": 0.004128900000061719,
                    "children": {
                        "env_step": {
                            "total": 31.77414269999995,
                            "count": 241,
                            "self": 18.81381380000004,
                            "children": {
                                "SubprocessEnvManager._take_step": {
                                    "total": 12.95765749999999,
                                    "count": 241,
                                    "self": 0.01766520000012406,
                                    "children": {
                                        "TorchPolicy.evaluate": {
                                            "total": 12.939992299999865,
                                            "count": 241,
                                            "self": 12.939992299999865
                                        }
                                    }
                                },
                                "workers": {
                                    "total": 0.002671399999918833,
                                    "count": 240,
                                    "self": 0.0,
                                    "children": {
                                        "worker_root": {
                                            "total": 46.34996829999998,
                                            "count": 240,
                                            "is_parallel": true,
                                            "self": 33.26102489999999,
                                            "children": {
                                                "steps_from_proto": {
                                                    "total": 0.10534489999999863,
                                                    "count": 1,
                                                    "is_parallel": true,
                                                    "self": 0.0001453999999974087,
                                                    "children": {
                                                        "_process_rank_one_or_two_observation": {
                                                            "total": 0.10519950000000122,
                                                            "count": 10,
                                                            "is_parallel": true,
                                                            "self": 0.10519950000000122
                                                        }
                                                    }
                                                },
                                                "UnityEnvironment.step": {
                                                    "total": 12.983598499999992,
                                                    "count": 240,
                                                    "is_parallel": true,
                                                    "self": 0.020574999999979582,
                                                    "children": {
                                                        "UnityEnvironment._generate_step_input": {
                                                            "total": 0.016071499999931405,
                                                            "count": 240,
                                                            "is_parallel": true,
                                                            "self": 0.016071499999931405
                                                        },
                                                        "communicator.exchange": {
                                                            "total": 12.855781700000001,
                                                            "count": 240,
                                                            "is_parallel": true,
                                                            "self": 12.855781700000001
                                                        },
                                                        "steps_from_proto": {
                                                            "total": 0.09117030000007986,
                                                            "count": 240,
                                                            "is_parallel": true,
                                                            "self": 0.029589800000032085,
                                                            "children": {
                                                                "_process_rank_one_or_two_observation": {
                                                                    "total": 0.06158050000004778,
                                                                    "count": 2400,
                                                                    "is_parallel": true,
                                                                    "self": 0.06158050000004778
                                                                }
                                                            }
                                                        }
                                                    }
                                                }
                                            }
                                        }
                                    }
                                }
                            }
                        },
                        "trainer_advance": {
                            "total": 0.8997263999999845,
                            "count": 240,
                            "self": 0.005234699999938641,
                            "children": {
                                "process_trajectory": {
                                    "total": 0.8944917000000459,
                                    "count": 240,
                                    "self": 0.8944917000000459
                                }
                            }
                        }
                    }
                },
                "trainer_threads": {
                    "total": 1.1999999998124622e-06,
                    "count": 1,
                    "self": 1.1999999998124622e-06
                },
                "TrainerController._save_models": {
                    "total": 2.636212999999998,
                    "count": 1,
                    "self": 0.009033799999997427,