{
    "name": "root",
    "gauges": {
        "MoveToGoal.Policy.Entropy.mean": {
            "value": 1.4228241443634033,
            "min": 1.4228241443634033,
            "max": 1.4228241443634033,
            "count": 1
        },
        "MoveToGoal.Policy.Entropy.sum": {
            "value": 71624.96875,
            "min": 71624.96875,
            "max": 71624.96875,
            "count": 1
        },
        "MoveToGoal.Environment.EpisodeLength.mean": {
            "value": 31.815308988764045,
            "min": 31.815308988764045,
            "max": 31.815308988764045,
            "count": 1
        },
        "MoveToGoal.Environment.EpisodeLength.sum": {
            "value": 45305.0,
            "min": 45305.0,
            "max": 45305.0,
            "count": 1
        },
        "MoveToGoal.Step.mean": {
            "value": 49993.0,
            "min": 49993.0,
            "max": 49993.0,
            "count": 1
        },
        "MoveToGoal.Step.sum": {
            "value": 49993.0,
            "min": 49993.0,
            "max": 49993.0,
            "count": 1
        },
        "MoveToGoal.Policy.ExtrinsicValueEstimate.mean": {
            "value": 1.6269904375076294,
            "min": 1.6269904375076294,
            "max": 1.6269904375076294,
            "count": 1
        },
        "MoveToGoal.Policy.ExtrinsicValueEstimate.sum": {
            "value": 3109.1787109375,
            "min": 3109.1787109375,
            "max": 3109.1787109375,
            "count": 1
        },
        "MoveToGoal.Environment.CumulativeReward.mean": {
            "value": -0.9346910112359551,
            "min": -0.9346910112359551,
            "max": -0.9346910112359551,
            "count": 1
        },
        "MoveToGoal.Environment.CumulativeReward.sum": {
            "value": -1331.0,
            "min": -1331.0,
            "max": -1331.0,
            "count": 1
        },
        "MoveToGoal.Policy.ExtrinsicReward.mean": {
            "value": -0.9346910112359551,
            "min": -0.9346910112359551,
            "max": -0.9346910112359551,
            "count": 1
        },
        "MoveToGoal.Policy.ExtrinsicReward.sum": {
            "value": -1331.0,
            "min": -1331.0,
            "max": -1331.0,
            "count": 1
        },
        "MoveToGoal.Losses.PolicyLoss.mean": {
            "value": 0.023079535795841367,
            "min": 0.023079535795841367,
            "max": 0.023079535795841367,
            "count": 1
        },
        "MoveToGoal.Losses.PolicyLoss.sum": {
            "value": 0.09231814318336547,
            "min": 0.09231814318336547,
            "max": 0.09231814318336547,
            "count": 1
        },
        "MoveToGoal.Losses.ValueLoss.mean": {
            "value": 0.9697553493082524,
            "min": 0.9697553493082524,
            "max": 0.9697553493082524,
            "count": 1
        },
        "MoveToGoal.Losses.ValueLoss.sum": {
            "value": 3.8790213972330094,
            "min": 3.8790213972330094,
            "max": 3.8790213972330094,
            "count": 1
        },
        "MoveToGoal.Policy.LearningRate.mean": {
            "value": 0.0002846133051289,
            "min": 0.0002846133051289,
            "max": 0.0002846133051289,
            "count": 1
        },
        "MoveToGoal.Policy.LearningRate.sum": {
            "value": 0.0011384532205156,
            "min": 0.0011384532205156,
            "max": 0.0011384532205156,
            "count": 1
        },
        "MoveToGoal.Policy.Epsilon.mean": {
            "value": 0.19487110000000002,
            "min": 0.19487110000000002,
            "max": 0.19487110000000002,
            "count": 1
        },
        "MoveToGoal.Policy.Epsilon.sum": {
            "value": 0.7794844000000001,
            "min": 0.7794844000000001,
            "max": 0.7794844000000001,
            "count": 1
        },
        "MoveToGoal.Policy.Beta.mean": {
            "value": 0.00474406789,
            "min": 0.00474406789,
            "max": 0.00474406789,
            "count": 1
        },
        "MoveToGoal.Policy.Beta.sum": {
            "value": 0.01897627156,
            "min": 0.01897627156,
            "max": 0.01897627156,
            "count": 1
        },
        "MoveToGoal.IsTraining.mean": {
            "value": 1.0,
            "min": 1.0,
            "max": 1.0,
            "count": 1
        },
        "MoveToGoal.IsTraining.sum": {
            "value": 1.0,
            "min": 1.0,
            "max": 1.0,
            "count": 1
        }
    },
    "metadata": {
        "timer_format_version": "0.1.0",
        "start_time_seconds": "1680697590",
        "python_version": "3.9.13 (tags/v3.9.13:6de2ca5, May 17 2022, 16:36:42) [MSC v.1929 64 bit (AMD64)]",
        "command_line_arguments": "D:\\Unity Projects\\Neural-Networks-Maze\\venv\\Scripts\\mlagents-learn --run-id=Test5 --force",
        "mlagents_version": "0.30.0",
        "mlagents_envs_version": "0.30.0",
        "communication_protocol_version": "1.5.0",
        "pytorch_version": "1.7.1+cu110",
        "numpy_version": "1.21.2",
        "end_time_seconds": "1680697873"
    },
    "total": 282.7164072,
    "count": 1,
    "self": 0.060779299999978775,
    "children": {
        "run_training.setup": {
            "total": 0.10077559999999952,
            "count": 1,
            "self": 0.10077559999999952
        },
        "TrainerController.start_learning": {
            "total": 282.5548523,
            "count": 1,
            "self": 0.28886749999844596,
            "children": {
                "TrainerController._reset_env": {
                    "total": 18.7977795,
                    "count": 1,
                    "self": 18.7977795
                },
                "TrainerController.advance": {
                    "total": 262.0176062000016,
                    "count": 14948,
                    "self": 0.26565850000008595,
                    "children": {
                        "env_step": {
                            "total": 236.58139500000053,
                            "count": 14948,
                            "self": 195.7660281000029,
                            "children": {
                                "SubprocessEnvManager._take_step": {
                                    "total": 40.6394609999985,
                                    "count": 14949,
                                    "self": 0.830286799998369,
                                    "children": {
                                        "TorchPolicy.evaluate": {
                                            "total": 39.80917420000013,
                                            "count": 13688,
                                            "self": 39.80917420000013
                                        }
                                    }
                                },
                                "workers": {
                                    "total": 0.17590589999912254,
                                    "count": 14947,
                                    "self": 0.0,
                                    "children": {
                                        "worker_root": {
                                            "total": 163.13184909999865,
                                            "count": 14947,
                                            "is_parallel": true,
                                            "self": 92.01763199999868,
                                            "children": {
                                                "steps_from_proto": {
                                                    "total": 0.0006381000000033055,
                                                    "count": 2,
                                                    "is_parallel": true,
                                                    "self": 0.00022100000000424558,