{
    "name": "root",
    "gauges": {
        "MoveToGoal.Policy.Entropy.mean": {
            "value": 1.432957649230957,
            "min": 1.4234017133712769,
            "max": 1.432957649230957,
            "count": 2
        },
        "MoveToGoal.Policy.Entropy.sum": {
            "value": 71688.0078125,
            "min": 71286.8046875,
            "max": 71688.0078125,
            "count": 2
        },
        "MoveToGoal.Environment.EpisodeLength.mean": {
            "value": 44.22262443438914,
            "min": 19.420816326530613,
            "max": 44.22262443438914,
            "count": 2
        },
        "MoveToGoal.Environment.EpisodeLength.sum": {
            "value": 48866.0,
            "min": 47581.0,
            "max": 48866.0,
            "count": 2
        },
        "MoveToGoal.Step.mean": {
            "value": 99994.0,
            "min": 49982.0,
            "max": 99994.0,
            "count": 2
        },
        "MoveToGoal.Step.sum": {
            "value": 99994.0,
            "min": 49982.0,
            "max": 99994.0,
            "count": 2
        },
        "MoveToGoal.Policy.ExtrinsicValueEstimate.mean": {
            "value": -0.5719771385192871,
            "min": -0.5719771385192871,
            "max": 1.2423878908157349,
            "count": 2
        },
        "MoveToGoal.Policy.ExtrinsicValueEstimate.sum": {
            "value": -775.029052734375,
            "min": -775.029052734375,
            "max": 3160.634765625,
            "count": 2
        },
        "MoveToGoal.Environment.CumulativeReward.mean": {
            "value": -0.6868778280542986,
            "min": -0.9469171090240914,
            "max": -0.6868778280542986,
            "count": 2
        },
        "MoveToGoal.Environment.CumulativeReward.sum": {
            "value": -759.0,
            "min": -2319.0,
            "max": -759.0,
            "count": 2
        },
        "MoveToGoal.Policy.ExtrinsicReward.mean": {
            "value": -0.6868778280542986,
            "min": -0.9469171090240914,
            "max": -0.6868778280542986,
            "count": 2
        },
        "MoveToGoal.Policy.ExtrinsicReward.sum": {
            "value": -759.0,
            "min": -2319.0,
            "max": -759.0,
            "count": 2
        },
        "MoveToGoal.Losses.PolicyLoss.mean": {
            "value": 0.022457117522135375,
            "min": 0.022457117522135375,
            "max": 0.026458997706261773,
            "count": 2
        },
        "MoveToGoal.Losses.PolicyLoss.sum": {
            "value": 0.11228558761067688,
            "min": 0.10583599082504709,
            "max": 0.11228558761067688,
            "count": 2
        },
        "MoveToGoal.Losses.ValueLoss.mean": {
            "value": 0.10491389349102972,
            "min": 0.10491389349102972,
            "max": 3.0404666027675074,
            "count": 2
        },
        "MoveToGoal.Losses.ValueLoss.sum": {
            "value": 0.5245694674551487,
            "min": 0.5245694674551487,
            "max": 12.16186641107003,
            "count": 2
        },
        "MoveToGoal.Policy.LearningRate.mean": {
            "value": 0.00025689505436831994,
            "min": 0.00025689505436831994,
            "max": 0.00028462020512660003,
            "count": 2
        },
        "MoveToGoal.Policy.LearningRate.sum": {
            "value": 0.0012844752718415998,
            "min": 0.0011384808205064001,
            "max": 0.0012844752718415998,
            "count": 2
        },
        "MoveToGoal.Policy.Epsilon.mean": {
            "value": 0.18563168000000002,
            "min": 0.18563168000000002,
            "max": 0.1948734,
            "count": 2
        },
        "MoveToGoal.Policy.Epsilon.sum": {
            "value": 0.9281584,
            "min": 0.7794936,
            "max": 0.9281584,
            "count": 2
        },
        "MoveToGoal.Policy.Beta.mean": {
            "value": 0.004283020832,
            "min": 0.004283020832,
            "max": 0.0047441826599999995,
            "count": 2
        },
        "MoveToGoal.Policy.Beta.sum": {
            "value": 0.02141510416,
            "min": 0.018976730639999998,
            "max": 0.02141510416,
            "count": 2
        },
        "MoveToGoal.IsTraining.mean": {
            "value": 1.0,
            "min": 1.0,
            "max": 1.0,
            "count": 2
        },
        "MoveToGoal.IsTraining.sum": {
            "value": 1.0,
            "min": 1.0,
            "max": 1.0,
            "count": 2
        }
    },
    "metadata": {
        "timer_format_version": "0.1.0",
        "start_time_seconds": "1680695796",
        "python_version": "3.9.13 (tags/v3.9.13:6de2ca5, May 17 2022, 16:36:42) [MSC v.1929 64 bit (AMD64)]",
        "command_line_arguments": "D:\\Unity Projects\\Neural-Networks-Maze\\venv\\Scripts\\mlagents-learn --run-id=Test5",
        "mlagents_version": "0.30.0",
        "mlagents_envs_version": "0.30.0",
        "communication_protocol_version": "1.5.0",
        "pytorch_version": "1.7.1+cu110",
        "numpy_version": "1.21.2",
        "end_time_seconds": "1680696427"
    },
    "total": 630.9744077,
    "count": 1,
    "self": 0.04378959999996823,
    "children": {
        "run_training.setup": {
            "total": 0.19309580000000026,
            "count": 1,
            "self": 0.19309580000000026
        },
        "TrainerController.start_learning": {
            "total": 630.7375223,
            "count": 1,
            "self": 0.5792160999989164,
            "children": {
                "TrainerController._reset_env": {
                    "total": 92.4884295,
                    "count": 1,
                    "self": 92.4884295
                },
                "TrainerController.advance": {
                    "total": 536.5001081000012,
                    "count": 24208,
                    "self": 0.5246668999994881,
                    "children": {
                        "env_step": {
                            "total": 480.51230779999923,
                            "count": 24208,
                            "self": 402.71190960000206,
                            "children": {
                                "SubprocessEnvManager._take_step": {
                                    "total": 77.43581909999926,
                                    "count": 24208,
                                    "self": 1.5586307000010038,
                                    "children": {
                                        "TorchPolicy.evaluate": {
                                            "total": 75.87718839999826,
                                            "count": 20941,
                                            "self": 75.87718839999826
                                        }
                                    }
                                },
                                "workers": {
                                    "total": 0.36457909999791127,
                                    "count": 24207,
                                    "self": 0.0,
                                    "children": {
                                        "worker_root": {
                                            "total": 481.0144920999988,
                                            "count": 24207,
                                            "is_parallel": true,
                                            "self": 197.81264399999952,
                                            "children": {
                                                "steps_from_proto": {
                                                    "total": 0.1379027999999991,
                                                    "count": 1,
                                                    "is_parallel": true,
                                                    "self": 0.0001661999999953423,