{
    "name": "root",
    "metadata": {
        "timer_format_version": "0.1.0",
        "start_time_seconds": "1681125909",
        "python_version": "3.9.13 (tags/v3.9.13:6de2ca5, May 17 2022, 16:36:42) [MSC v.1929 64 bit (AMD64)]",
        "command_line_arguments": "D:\\Unity Projects\\Neural-Networks-Maze\\venv\\Scripts\\mlagents-learn ./configuration.yaml --run-id=TestEnv3.5 --force",
        "mlagents_version": "0.30.0",
        "mlagents_envs_version": "0.30.0",
        "communication_protocol_version": "1.5.0",
        "pytorch_version": "1.7.1+cu110",
        "numpy_version": "1.21.2",
        "end_time_seconds": "1681125974"
    },
    "total": 65.6153755,
    "count": 1,
    "self": 10.072601800000001,
    "children": {
        "run_training.setup": {
            "total": 0.33707829999999994,
            "count": 1,
            "self": 0.33707829999999994
        },
        "TrainerController.start_learning": {
            "total": 55.205695399999996,
            "count": 1,
            "self": 0.019945099999851834,
            "children": {
                "TrainerController._reset_env": {
                    "total": 28.3464193,
                    "count": 1,
                    "self": 28.3464193
                },
                "TrainerController.advance": {
                    "total": 24.372515900000145,
                    "count": 1037,
                    "self": 0.017378900000281305,
                    "children": {
                        "env_step": {
                            "total": 23.73942079999994,
                            "count": 1037,
                            "self": 14.3691537999999,
                            "children": {
                                "SubprocessEnvManager._take_step": {
                                    "total": 9.359689200000126,
                                    "count": 1037,
                                    "self": 0.063606999999962,
                                    "children": {
                                        "TorchPolicy.evaluate": {
                                            "total": 9.296082200000164,
                                            "count": 1037,
                                            "self": 9.296082200000164
                                        }
                                    }
                                },
                                "workers": {
                                    "total": 0.010577799999914816,
                                    "count": 1036,
                                    "self": 0.0,
                                    "children": {
                                        "worker_root": {
                                            "total": 38.1648791,
                                            "count": 1036,
                                            "is_parallel": true,
                                            "self": 30.207948999999864,
                                            "children": {
                                                "steps_from_proto": {
                                                    "total": 0.00048069999999889035,
                                                    "count": 1,
                                                    "is_parallel": true,
                                                    "self": 0.00013899999999722468,
                                                    "children": {
                                                        "_process_rank_one_or_two_observation": {
                                                            "total": 0.00034170000000166567,
                                                            "count": 10,
                                                            "is_parallel": true,
                                                            "self": 0.00034170000000166567
                                                        }
                                                    }
                                                },
                                                "UnityEnvironment.step": {
                                                    "total": 7.956449400000139,
                                                    "count": 1036,
                                                    "is_parallel": true,
                                                    "self": 0.08645490000022704,
                                                    "children": {
                                                        "UnityEnvironment._generate_step_input": {
                                                            "total": 0.06629960000011437,
                                                            "count": 1036,
                                                            "is_parallel": true,
                                                            "self": 0.06629960000011437
                                                        },
                                                        "communicator.exchange": {
                                                            "total": 7.427818099999676,
                                                            "count": 1036,
                                                            "is_parallel": true,
                                                            "self": 7.427818099999676
                                                        },
                                                        "steps_from_proto": {
                                                            "total": 0.37587680000012114,
                                                            "count": 1036,
                                                            "is_parallel": true,
                                                            "self": 0.12334970000036094,
                                                            "children": {
                                                                "_process_rank_one_or_two_observation": {
                                                                    "total": 0.2525270999997602,
                                                                    "count": 10360,
                                                                    "is_parallel": true,
                                                                    "self": 0.2525270999997602
                                                                }
                                                            }
                                                        }
                                                    }
                                                }
                                            }
                                        }
                                    }
                                }
                            }
                        },
                        "trainer_advance": {
                            "total": 0.6157161999999232,
                            "count": 1036,
                            "self": 0.02134129999981127,
                            "children": {
                                "process_trajectory": {
                                    "total": 0.594374900000112,
                                    "count": 1036,
                                    "self": 0.594374900000112
                                }
                            }
                        }
                    }
                },
                "trainer_threads": {
                    "total": 1.499999996212864e-06,
                    "count": 1,
                    "self": 1.499999996212864e-06
                },
                "TrainerController._save_models": {
                    "total": 2.466813600000002,
                    "count": 1,
                    "self": 0.04141260000000102,