{
    "name": "root",
    "gauges": {
        "MoveToGoal.Policy.Entropy.mean": {
            "value": 1.4241466522216797,
            "min": 1.4161865711212158,
            "max": 1.4241466522216797,
            "count": 3
        },
        "MoveToGoal.Policy.Entropy.sum": {
            "value": 71204.484375,
            "min": 71040.9375,
            "max": 71367.3046875,
            "count": 3
        },
        "MoveToGoal.Environment.EpisodeLength.mean": {
            "value": 292.8965517241379,
            "min": 106.85786802030456,
            "max": 292.8965517241379,
            "count": 3
        },
        "MoveToGoal.Environment.EpisodeLength.sum": {
            "value": 50964.0,
            "min": 42102.0,
            "max": 50964.0,
            "count": 3
        },
        "MoveToGoal.Step.mean": {
            "value": 149993.0,
            "min": 49984.0,
            "max": 149993.0,
            "count": 3
        },
        "MoveToGoal.Step.sum": {
            "value": 149993.0,
            "min": 49984.0,
            "max": 149993.0,
            "count": 3
        },
        "MoveToGoal.Policy.ExtrinsicValueEstimate.mean": {
            "value": 0.3282347023487091,
            "min": 0.3282347023487091,
            "max": 512.3514404296875,
            "count": 3
        },
        "MoveToGoal.Policy.ExtrinsicValueEstimate.sum": {
            "value": 284.90771484375,
            "min": 284.90771484375,
            "max": 550777.8125,
            "count": 3
        },
        "MoveToGoal.Environment.CumulativeReward.mean": {
            "value": -0.12643678160919541,
            "min": -0.8730964467005076,
            "max": -0.12643678160919541,
            "count": 3
        },
        "MoveToGoal.Environment.CumulativeReward.sum": {
            "value": -22.0,
            "min": -344.0,
            "max": -22.0,
            "count": 3
        },
        "MoveToGoal.Policy.ExtrinsicReward.mean": {
            "value": -0.12643678160919541,
            "min": -0.8730964467005076,
            "max": -0.12643678160919541,
            "count": 3
        },
        "MoveToGoal.Policy.ExtrinsicReward.sum": {
            "value": -22.0,
            "min": -344.0,
            "max": -22.0,
            "count": 3
        },
        "MoveToGoal.Losses.PolicyLoss.mean": {
            "value": 0.022811584084605173,
            "min": 0.022811584084605173,
            "max": 0.03088692088300983,
            "count": 3
        },
        "MoveToGoal.Losses.PolicyLoss.sum": {
            "value": 0.11405792042302587,
            "min": 0.11405792042302587,
            "max": 0.12354768353203932,
            "count": 3
        },
        "MoveToGoal.Losses.ValueLoss.mean": {
            "value": 0.03711420572673281,
            "min": 0.03711420572673281,
            "max": 25537.545252633467,
            "count": 3
        },
        "MoveToGoal.Losses.ValueLoss.sum": {
            "value": 0.18557102863366406,
            "min": 0.18557102863366406,
            "max": 102150.18101053387,
            "count": 3
        },
        "MoveToGoal.Policy.LearningRate.mean": {
            "value": 0.00022602194465936006,
            "min": 0.00022602194465936006,
            "max": 0.00028458345513884993,
            "count": 3
        },
        "MoveToGoal.Policy.LearningRate.sum": {
            "value": 0.0011301097232968003,
            "min": 0.0011301097232968003,
            "max": 0.0012842094719302001,
            "count": 3
        },
        "MoveToGoal.Policy.Epsilon.mean": {
            "value": 0.17534064,
            "min": 0.17534064,
            "max": 0.19486115000000004,
            "count": 3
        },
        "MoveToGoal.Policy.Epsilon.sum": {
            "value": 0.8767031999999999,
            "min": 0.7794446000000002,
            "max": 0.9280698000000001,
            "count": 3
        },
        "MoveToGoal.Policy.Beta.mean": {
            "value": 0.0037694979360000007,
            "min": 0.0037694979360000007,
            "max": 0.004743571385000001,
            "count": 3
        },
        "MoveToGoal.Policy.Beta.sum": {
            "value": 0.018847489680000003,
            "min": 0.018847489680000003,
            "max": 0.021410683019999995,
            "count": 3
        },
        "MoveToGoal.IsTraining.mean": {
            "value": 1.0,
            "min": 1.0,
            "max": 1.0,
            "count": 3
        },
        "MoveToGoal.IsTraining.sum": {
            "value": 1.0,
            "min": 1.0,
            "max": 1.0,
            "count": 3
        }
    },
    "metadata": {
        "timer_format_version": "0.1.0",
        "start_time_seconds": "1680694542",
        "python_version": "3.9.13 (tags/v3.9.13:6de2ca5, May 17 2022, 16:36:42) [MSC v.1929 64 bit (AMD64)]",
        "command_line_arguments": "D:\\Unity Projects\\Neural-Networks-Maze\\venv\\Scripts\\mlagents-learn --run-id=Test4 --force",
        "mlagents_version": "0.30.0",
        "mlagents_envs_version": "0.30.0",
        "communication_protocol_version": "1.5.0",
        "pytorch_version": "1.7.1+cu110",
        "numpy_version": "1.21.2",
        "end_time_seconds": "1680695237"
    },
    "total": 695.2001003,
    "count": 1,
    "self": 0.0421560000000909,
    "children": {
        "run_training.setup": {
            "total": 0.11523129999999959,
            "count": 1,
            "self": 0.11523129999999959
        },
        "TrainerController.start_learning": {
            "total": 695.0427129999999,
            "count": 1,
            "self": 0.6607794999989665,
            "children": {
                "TrainerController._reset_env": {
                    "total": 16.637735199999998,
                    "count": 1,
                    "self": 16.637735199999998
                },
                "TrainerController.advance": {
                    "total": 676.273849400001,
                    "count": 32127,
                    "self": 0.6022155000090379,
                    "children": {
                        "env_step": {
                            "total": 619.2654255999986,
                            "count": 32127,
                            "self": 535.6408377999959,
                            "children": {
                                "SubprocessEnvManager._take_step": {
                                    "total": 83.20496400000258,
                                    "count": 32128,
                                    "self": 2.0443772999968814,
                                    "children": {
                                        "TorchPolicy.evaluate": {
                                            "total": 81.1605867000057,
                                            "count": 31288,
                                            "self": 81.1605867000057
                                        }
                                    }
                                },
                                "workers": {
                                    "total": 0.41962380000013155,
                                    "count": 32126,
                                    "self": 0.0,
                                    "children": {
                                        "worker_root": {
                                            "total": 486.3161809999973,
                                            "count": 32126,
                                            "is_parallel": true,
                                            "self": 185.4241467999933,
                                            "children": {
                                                "steps_from_proto": {
                                                    "total": 0.0006996000000007996,
                                                    "count": 2,
                                                    "is_parallel": true,
                                                    "self": 0.0002430000000073207,